1,Card 1
2,Card 2
3,Card 3
4,Card 4
5,Card 5
6,Card 6
7,Card 7
8,Card 8
9,Card 9
10,Card 10
11,Card 11
12,Card 12
13,Card 13
14,Card 14
15,Card 15
16,Card 16
17,Card 17
18,Card 18
19,Card 19
20,Card 20
21,Card 21
22,Card 22
23,Card 23
24,Card 24
25,Card 25
26,Card 26
27,Card 27
28,Card 28
29,Card 29
30,Card 30
31,Card 31
32,Card 32
33,Card 33
34,Card 34
35,Card 35
36,Card 36
37,Card 37
38,Card 38
39,Card 39
40,Card 40
41,Card 41
42,Card 42
43,Card 43
44,Card 44
45,Card 45
46,Card 46
47,Card 47
48,Card 48
49,Card 49
50,Card 50
51,Card 51
52,Card 52
53,Card 53
54,Card 54
55,Card 55
56,Card 56
57,Card 57
58,Card 58
59,Card 59
60,Card 60
61,Card 61
62,Card 62
63,Card 63
64,Card 64
65,Card 65
66,Card 66
67,Card 67
68,Card 68
69,Card 69
70,Card 70
71,Card 71
72,Card 72
73,Card 73
74,Card 74
75,Card 75
76,Card 76
77,Card 77
78,Card 78
79,Card 79
80,Card 80
81,Card 81
82,Card 82
83,Card 83
84,Card 84
85,Card 85
86,Card 86
87,Card 87
88,Card 88
89,Card 89
90,Card 90
91,Card 91
92,Card 92
93,Card 93
94,Card 94
95,Card 95
96,Card 96
97,Card 97
98,Card 98
99,Card 99
100,Card 100
101,Card 101
102,Card 102
103,Card 103
104,Card 104
105,Card 105
106,Card 106
107,Card 107
108,Card 108
109,Card 109
110,Card 110
111,Card 111
112,Card 112
113,Card 113
114,Card 114
115,Card 115
116,Card 116
117,Card 117
118,Card 118
119,Card 119
120,Card 120
121,Card 121
122,Card 122
123,Card 123
124,Card 124
125,Card 125
126,Card 126
127,Card 127
128,Card 128
129,Card 129
130,Card 130
131,Card 131
132,Card 132
133,Card 133
134,Card 134
135,Card 135
136,Card 136
137,Card 137
138,Card 138
139,Card 139
140,Card 140
141,Card 141
142,Card 142
143,Card 143
144,Card 144
145,Card 145
146,Card 146
147,Card 147
148,Card 148
149,Card 149
150,Card 150
151,Card 151
152,Card 152
153,Card 153
154,Card 154
155,Card 155
156,Card 156
157,Card 157
158,Card 158
159,Card 159
160,Card 160
161,Card 161
162,Card 162
163,Card 163
164,Card 164
165,Card 165
166,Card 166
167,Card 167
168,Card 168
169,Card 169
170,Card 170
171,Card 171
172,Card 172
173,Card 173
174,Card 174
175,Card 175
176,Card 176
177,Card 177
178,Card 178
179,Card 179
180,Card 180
181,Card 181
182,Card 182
183,Card 183
184,Card 184
185,Card 185
186,Card 186
187,Card 187
188,Card 188
189,Card 189
190,Card 190
191,Card 191
192,Card 192
193,Card 193
194,Card 194
195,Card 195
196,Card 196
197,Card 197
198,Card 198
199,Card 199
200,Card 200
201,Card 201
202,Card 202
203,Card 203
204,Card 204
205,Card 205
206,Card 206
207,Card 207
208,Card 208
209,Card 209
210,Card 210
211,Card 211
212,Card 212
213,Card 213
214,Card 214
215,Card 215
216,Card 216
217,Card 217
218,Card 218
219,Card 219
220,Card 220
221,Card 221
222,Card 222
223,Card 223
224,Card 224
225,Card 225
226,Card 226
227,Card 227
228,Card 228
229,Card 229
230,Card 230
231,Card 231
232,Card 232
233,Card 233
234,Card 234
235,Card 235
236,Card 236
237,Card 237
238,Card 238
239,Card 239
240,Card 240
241,Card 241
242,Card 242
243,Card 243
244,Card 244
245,Card 245
246,Card 246
247,Card 247
248,Card 248
249,Card 249
250,Card 250
251,Card 251
252,Card 252
253,Card 253
254,Card 254
255,Card 255
256,Card 256
257,Card 257
258,Card 258
259,Card 259
260,Card 260
261,Card 261
262,Card 262
263,Card 263
264,Card 264
265,Card 265
266,Card 266
267,Card 267
268,Card 268
269,Card 269
270,Card 270
271,Card 271
272,Card 272
273,Card 273
274,Card 274
275,Card 275
276,Card 276
277,Card 277
278,Card 278
279,Card 279
280,Card 280
281,Card 281
282,Card 282
283,Card 283
284,Card 284
285,Card 285
286,Card 286
287,Card 287
288,Card 288
289,Card 289
290,Card 290
291,Card 291
292,Card 292
293,Card 293
294,Card 294
295,Card 295
296,Card 296
297,Card 297
298,Card 298
299,Card 299
300,Card 300
301,Card 301
302,Card 302
303,Card 303
304,Card 304
305,Card 305
306,Card 306
307,Card 307
308,Card 308
309,Card 309
310,Card 310
311,Card 311
312,Card 312
313,Card 313
314,Card 314
315,Card 315
316,Card 316
317,Card 317
318,Card 318
319,Card 319
320,Card 320
321,Card 321
322,Card 322
323,Card 323
324,Card 324
325,Card 325
326,Card 326
327,Card 327
328,Card 328
329,Card 329
330,Card 330
331,Card 331
332,Card 332
333,Card 333
334,Card 334
335,Card 335
336,Card 336
337,Card 337
338,Card 338
339,Card 339
340,Card 340
341,Card 341
342,Card 342
343,Card 343
344,Card 344
345,Card 345
346,Card 346
347,Card 347
348,Card 348
349,Card 349
350,Card 350
351,Card 351
352,Card 352
353,Card 353
354,Card 354
355,Card 355
356,Card 356
357,Card 357
358,Card 358
359,Card 359
360,Card 360
361,Card 361
362,Card 362
363,Card 363
364,Card 364
365,Card 365
366,Card 366
367,Card 367
368,Card 368
369,Card 369
370,Card 370
371,Card 371
372,Card 372
373,Card 373
374,Card 374
375,Card 375
376,Card 376
377,Card 377
378,Card 378
379,Card 379
380,Card 380
381,Card 381
382,Card 382
383,Card 383
384,Card 384
385,Card 385
386,Card 386
387,Card 387
388,Card 388
389,Card 389
390,Card 390
391,Card 391
392,Card 392
393,Card 393
394,Card 394
395,Card 395
396,Card 396
397,Card 397
398,Card 398
399,Card 399
400,Card 400
401,Card 401
402,Card 402
403,Card 403
404,Card 404
405,Card 405
406,Card 406
407,Card 407
408,Card 408
409,Card 409
410,Card 410
411,Card 411
412,Card 412
413,Card 413
414,Card 414
415,Card 415
416,Card 416
417,Card 417
418,Card 418
419,Card 419
420,Card 420
421,Card 421
422,Card 422
423,Card 423
424,Card 424
425,Card 425
426,Card 426
427,Card 427
428,Card 428
429,Card 429
430,Card 430
431,Card 431
432,Card 432
433,Card 433
434,Card 434
435,Card 435
436,Card 436
437,Card 437
438,Card 438
439,Card 439
440,Card 440
441,Card 441
442,Card 442
443,Card 443
444,Card 444
445,Card 445
446,Card 446
447,Card 447
448,Card 448
449,Card 449
450,Card 450
451,Card 451
452,Card 452
453,Card 453
454,Card 454
455,Card 455
456,Card 456
457,Card 457
458,Card 458
459,Card 459
460,Card 460
461,Card 461
462,Card 462
463,Card 463
464,Card 464
465,Card 465
466,Card 466
467,Card 467
468,Card 468
469,Card 469
470,Card 470
471,Card 471
472,Card 472
473,Card 473
474,Card 474
475,Card 475
476,Card 476
477,Card 477
478,Card 478
479,Card 479
480,Card 480
481,Card 481
482,Card 482
483,Card 483
484,Card 484
485,Card 485
486,Card 486
487,Card 487
488,Card 488
489,Card 489
490,Card 490
491,Card 491
492,Card 492
493,Card 493
494,Card 494
495,Card 495
496,Card 496
497,Card 497
498,Card 498
499,Card 499
500,Card 500