1,Prompt 1
2,Prompt 2
3,Prompt 3
4,Prompt 4
5,Prompt 5
6,Prompt 6
7,Prompt 7
8,Prompt 8
9,Prompt 9
10,Prompt 10
11,Prompt 11
12,Prompt 12
13,Prompt 13
14,Prompt 14
15,Prompt 15
16,Prompt 16
17,Prompt 17
18,Prompt 18
19,Prompt 19
20,Prompt 20
21,Prompt 21
22,Prompt 22
23,Prompt 23
24,Prompt 24
25,Prompt 25
26,Prompt 26
27,Prompt 27
28,Prompt 28
29,Prompt 29
30,Prompt 30
31,Prompt 31
32,Prompt 32
33,Prompt 33
34,Prompt 34
35,Prompt 35
36,Prompt 36
37,Prompt 37
38,Prompt 38
39,Prompt 39
40,Prompt 40
41,Prompt 41
42,Prompt 42
43,Prompt 43
44,Prompt 44
45,Prompt 45
46,Prompt 46
47,Prompt 47
48,Prompt 48
49,Prompt 49
50,Prompt 50
51,Prompt 51
52,Prompt 52
53,Prompt 53
54,Prompt 54
55,Prompt 55
56,Prompt 56
57,Prompt 57
58,Prompt 58
59,Prompt 59
60,Prompt 60
61,Prompt 61
62,Prompt 62
63,Prompt 63
64,Prompt 64
65,Prompt 65
66,Prompt 66
67,Prompt 67
68,Prompt 68
69,Prompt 69
70,Prompt 70
71,Prompt 71
72,Prompt 72
73,Prompt 73
74,Prompt 74
75,Prompt 75
76,Prompt 76
77,Prompt 77
78,Prompt 78
79,Prompt 79
80,Prompt 80
81,Prompt 81
82,Prompt 82
83,Prompt 83
84,Prompt 84
85,Prompt 85
86,Prompt 86
87,Prompt 87
88,Prompt 88
89,Prompt 89
90,Prompt 90
91,Prompt 91
92,Prompt 92
93,Prompt 93
94,Prompt 94
95,Prompt 95
96,Prompt 96
97,Prompt 97
98,Prompt 98
99,Prompt 99
100,Prompt 100
101,Prompt 101
102,Prompt 102
103,Prompt 103
104,Prompt 104
105,Prompt 105
106,Prompt 106
107,Prompt 107
108,Prompt 108
109,Prompt 109
110,Prompt 110
111,Prompt 111
112,Prompt 112
113,Prompt 113
114,Prompt 114
115,Prompt 115
116,Prompt 116
117,Prompt 117
118,Prompt 118
119,Prompt 119
120,Prompt 120
121,Prompt 121
122,Prompt 122
123,Prompt 123
124,Prompt 124
125,Prompt 125
126,Prompt 126
127,Prompt 127
128,Prompt 128
129,Prompt 129
130,Prompt 130
131,Prompt 131
132,Prompt 132
133,Prompt 133
134,Prompt 134
135,Prompt 135
136,Prompt 136
137,Prompt 137
138,Prompt 138
139,Prompt 139
140,Prompt 140
141,Prompt 141
142,Prompt 142
143,Prompt 143
144,Prompt 144
145,Prompt 145
146,Prompt 146
147,Prompt 147
148,Prompt 148
149,Prompt 149
150,Prompt 150
151,Prompt 151
152,Prompt 152
153,Prompt 153
154,Prompt 154
155,Prompt 155
156,Prompt 156
157,Prompt 157
158,Prompt 158
159,Prompt 159
160,Prompt 160
161,Prompt 161
162,Prompt 162
163,Prompt 163
164,Prompt 164
165,Prompt 165
166,Prompt 166
167,Prompt 167
168,Prompt 168
169,Prompt 169
170,Prompt 170
171,Prompt 171
172,Prompt 172
173,Prompt 173
174,Prompt 174
175,Prompt 175
176,Prompt 176
177,Prompt 177
178,Prompt 178
179,Prompt 179
180,Prompt 180
181,Prompt 181
182,Prompt 182
183,Prompt 183
184,Prompt 184
185,Prompt 185
186,Prompt 186
187,Prompt 187
188,Prompt 188
189,Prompt 189
190,Prompt 190
191,Prompt 191
192,Prompt 192
193,Prompt 193
194,Prompt 194
195,Prompt 195
196,Prompt 196
197,Prompt 197
198,Prompt 198
199,Prompt 199
200,Prompt 200